,Age,Timepoint,Data
1,13.45,W2S1,0
2,14.23,W2S1,0
3,13.38,W2S1,0
4,13.91,W2S1,0
5,12.85,W2S1,0
6,12.72,W2S1,0
7,13.59,W2S1,0
8,12.16,W2S1,0
9,12.16,W2S1,0
10,12.27,W2S1,0
11,11.78,W2S1,0
12,13.53,W2S2,0
13,14.31,W2S2,0
14,13.46,W2S2,0
15,13.21,W2S2,0
16,13.99,W2S2,0
17,14.66,W2S2,0
18,12.93,W2S2,0
19,12.15,W2S2,0
20,12.8,W2S2,0
21,13.67,W2S2,0
22,12.24,W2S2,0
23,12.24,W2S2,0
24,12.35,W2S2,0
25,11.87,W2S2,0
26,14.95,W3S1,0
27,15.73,W3S1,0
28,14.88,W3S1,0
29,14.63,W3S1,0
30,14.5,W3S1,0
31,13.81,W3S1,0
32,15.41,W3S1,0
33,15.27,W3S1,0
34,15.09,W3S1,0
35,14.35,W3S1,0
36,14.51,W3S1,0
37,13.52,W3S1,0
38,14.22,W3S1,0
39,15.09,W3S1,0
40,13.66,W3S1,0
41,15.09,W3S1,0
42,13.66,W3S1,0
43,15.87,W3S1,0
44,13.06,W3S1,0
45,13.34,W3S1,0
46,13.77,W3S1,0
47,13.28,W3S1,0
48,14.38,W3S1,0
49,13.65,W3S1,0
50,15.24,W3S2,0
51,15.03,W3S2,0
52,15.81,W3S2,0
53,14.96,W3S2,0
54,14.83,W3S2,0
55,14.71,W3S2,0
56,14.59,W3S2,0
57,13.89,W3S2,0
58,15.49,W3S2,0
59,15.35,W3S2,0
60,14.6,W3S2,0
61,15.17,W3S2,0
62,14.43,W3S2,0
63,14.59,W3S2,0
64,13.6,W3S2,0
65,14.99,W3S2,0
66,14.3,W3S2,0
67,15.22,W3S2,0
68,15.79,W3S2,0
69,15.17,W3S2,0
70,13.74,W3S2,0
71,15.17,W3S2,0
72,13.74,W3S2,0
73,15.95,W3S2,0
74,13.14,W3S2,0
75,14.63,W3S2,0
76,13.43,W3S2,0
77,14.89,W3S2,0
78,14.74,W3S2,0
79,14.02,W3S2,0
80,13.85,W3S2,0
81,13.37,W3S2,0
82,14.35,W3S2,0
83,14.16,W3S2,0
84,14.46,W3S2,0
85,13.74,W3S2,0
86,16.95,W4S1,0
87,17.73,W4S1,0
88,16.88,W4S1,0
89,16.63,W4S1,0
90,17.6,W4S1,0
91,17.11,W4S1,0
92,15.03,W4S1,0
93,16.32,W4S1,0
94,15.43,W4S1,0
95,17.76,W4S1,0
96,15.17,W4S1,0
97,17.66,W4S1,0
98,15.66,W4S1,0
99,17.05,W4S1,0
100,16.65,W4S1,0
101,16.21,W4S1,0
102,17.79,W4S1,0
103,17.4,W4S1,0
104,16.9,W4S1,0
105,17.41,W4S1,0
106,16.35,W4S1,0
107,16.22,W4S1,0
108,17.09,W4S1,0
109,17.46,W4S1,0
110,15.66,W4S1,0
111,15.66,W4S1,0
112,17.75,W4S1,0
113,15.95,W4S1,0
114,15.77,W4S1,0
115,15.28,W4S1,0
116,17.03,W4S2,0
117,17.81,W4S2,0
118,16.96,W4S2,0
119,16.71,W4S2,0
120,17.69,W4S2,0
121,17.19,W4S2,0
122,15.11,W4S2,0
123,16.4,W4S2,0
124,15.51,W4S2,0
125,17.84,W4S2,0
126,15.26,W4S2,0
127,17.74,W4S2,0
128,15.74,W4S2,0
129,17.13,W4S2,0
130,16.74,W4S2,0
131,16.3,W4S2,0
132,17.88,W4S2,0
133,17.49,W4S2,0
134,16.98,W4S2,0
135,17.49,W4S2,0
136,16.43,W4S2,0
137,16.3,W4S2,0
138,17.17,W4S2,0
139,17.54,W4S2,0
140,15.74,W4S2,0
141,15.74,W4S2,0
142,17.83,W4S2,0
143,16.03,W4S2,0
144,15.85,W4S2,0
145,15.37,W4S2,0
146,12.3,W1S1,1
147,11.8,W1S1,1
148,12.6,W1S1,1
149,12.2,W1S1,1
150,10.8,W1S1,1
151,11.9,W1S1,1
152,12.6,W1S1,1
153,11.9,W1S1,1
154,12.6,W1S1,1
155,11.9,W1S1,1
156,12.5,W1S1,1
157,12.7,W1S1,1
158,11.9,W1S1,1
159,12.1,W1S1,1
160,10.1,W1S1,1
161,12.4,W1S1,1
162,11.5,W1S1,1
163,12.2,W1S1,1
164,12.4,W1S1,1
165,11.7,W1S1,1
166,12,W1S1,1
167,11.6,W1S1,1
168,11,W1S1,1
169,12.2,W1S1,1
170,12.8,W1S1,1
171,11.9,W1S1,1
172,10.7,W1S1,1
173,12.1,W1S1,1
174,12.1,W1S1,1
175,11.9,W1S1,1
176,12.2,W1S1,1
177,12.6,W1S1,1
178,11.7,W1S1,1
179,10.1,W1S1,1
180,11.3,W1S1,1
181,12.1,W1S1,1
182,12.3,W1S1,1
183,11.2,W1S1,1
184,10.8,W1S1,1
185,10.4,W1S1,1
186,11.7,W1S1,1
187,12.2,W1S1,1
188,11.5,W1S1,1
189,12.7,W1S1,1
190,11.7,W1S1,1
191,10.9,W1S1,1
192,12.6,W1S1,1
193,10.3,W1S1,1
194,13,W1S1,1
195,12.4,W1S1,1
196,12.1,W1S1,1
197,11.3,W1S1,1
198,11.7,W1S1,1
199,10.7,W1S1,1
200,10.1,W1S1,1
201,10.7,W1S1,1
202,10.3,W1S1,1
203,11.7,W1S1,1
204,12.5,W1S1,1
205,11.4,W1S1,1
206,12.1,W1S1,1
207,11.7,W1S1,1
208,11.3,W1S1,1
209,12,W1S1,1
210,10.8,W1S1,1
211,10.2,W1S1,1
212,12.9,W1S1,1
213,12.5,W1S1,1
214,10,W1S1,1
215,11.1,W1S1,1
216,11.5,W1S1,1
217,12.2,W1S1,1
218,10.8,W1S1,1
219,12.4,W1S1,1
220,11.5,W1S1,1
221,12.1,W1S1,1
222,11.4,W1S1,1
223,10.9,W1S1,1
224,12.3,W1S1,1
225,11.6,W1S1,1
226,11.6,W1S1,1
227,12.3,W1S1,1
228,11.9,W1S1,1
229,11.3,W1S1,1
230,10.2,W1S1,1
231,11.6,W1S1,1
232,12.5,W1S1,1
233,11.2,W1S1,1
234,11.8,W1S1,1
235,11.8,W1S1,1
236,12,W1S1,1
237,11.3,W1S1,1
238,11.2,W1S1,1
239,10.1,W1S1,1
240,12.1,W1S1,1
241,11.3,W1S1,1
242,10.1,W1S1,1
243,11.8,W1S1,1
244,11.6,W1S1,1
245,11.8,W1S1,1
246,11.5,W1S1,1
247,10.9,W1S1,1
248,11.7,W1S1,1
249,12.7,W1S1,1
250,12.2,W1S1,1
251,11.1,W1S1,1
252,10.9,W1S1,1
253,10.5,W1S1,1
254,10.6,W1S1,1
255,12.1,W1S1,1
256,11.9,W1S1,1
257,12.1,W1S1,1
258,11.2,W1S1,1
259,11.1,W1S1,1
260,12.6,W1S1,1
261,11.9,W1S1,1
262,11.9,W1S1,1
263,12.7,W1S1,1
264,12.1,W1S1,1
265,10.6,W1S1,1
266,12.3,W1S1,1
267,10.6,W1S1,1
268,12.2,W1S1,1
269,12.3,W1S1,1
270,12.3,W1S1,1
271,12.2,W1S1,1
272,10.7,W1S1,1
273,12.1,W1S1,1
274,12.4,W1S1,1
275,12.3,W1S1,1
276,10.7,W1S1,1
277,12,W1S1,1
278,12.9,W1S1,1
279,10.1,W1S1,1
280,12.1,W1S1,1
281,10.3,W1S1,1
282,10.7,W1S1,1
283,13,W1S1,1
284,12.8,W1S1,1
285,13,W1S1,1
286,10,W1S1,1
287,11.6,W1S1,1
288,11.5,W1S1,1
289,11.5,W1S1,1
290,10.9,W1S1,1
291,11.7,W1S1,1
292,12.6,W1S1,1
293,12.7,W1S1,1
294,10.3,W1S1,1
295,11.4,W1S1,1
296,12,W1S1,1
297,11.8,W1S1,1
298,11.7,W1S1,1
299,11.6,W1S1,1
300,10.4,W1S1,1
301,10.8,W1S1,1
302,10.5,W1S1,1
303,10.7,W1S1,1
304,10,W1S1,1
305,10,W1S1,1
306,10.4,W1S1,1
307,10.5,W1S1,1
308,10.8,W1S1,1
309,11.2,W1S1,1
310,10.3,W1S1,1
311,10.7,W1S1,1
312,10.5,W1S1,1
313,10.7,W1S1,1
314,11,W1S1,1
315,10.7,W1S1,1
316,10.5,W1S1,1
317,11.4,W1S1,1
318,10.6,W1S1,1
319,10.7,W1S1,1
320,12.3,W1S2,1
321,11.9,W1S2,1
322,12.6,W1S2,1
323,12.2,W1S2,1
324,10.9,W1S2,1
325,12,W1S2,1
326,12.7,W1S2,1
327,12,W1S2,1
328,12.6,W1S2,1
329,12,W1S2,1
330,12.5,W1S2,1
331,12.8,W1S2,1
332,12,W1S2,1
333,12.3,W1S2,1
334,10.1,W1S2,1
335,12.5,W1S2,1
336,11.8,W1S2,1
337,12.2,W1S2,1
338,12.4,W1S2,1
339,11.7,W1S2,1
340,12,W1S2,1
341,11.7,W1S2,1
342,11.1,W1S2,1
343,12.3,W1S2,1
344,13,W1S2,1
345,12,W1S2,1
346,10.8,W1S2,1
347,12.2,W1S2,1
348,12.2,W1S2,1
349,12,W1S2,1
350,12.3,W1S2,1
351,12.6,W1S2,1
352,11.7,W1S2,1
353,10.3,W1S2,1
354,11.4,W1S2,1
355,12.1,W1S2,1
356,12.4,W1S2,1
357,11.3,W1S2,1
358,10.9,W1S2,1
359,10.4,W1S2,1
360,11.7,W1S2,1
361,12.4,W1S2,1
362,11.6,W1S2,1
363,12.8,W1S2,1
364,11.8,W1S2,1
365,11,W1S2,1
366,12.7,W1S2,1
367,10.3,W1S2,1
368,13.1,W1S2,1
369,12.5,W1S2,1
370,12.2,W1S2,1
371,11.5,W1S2,1
372,11.7,W1S2,1
373,10.7,W1S2,1
374,10.1,W1S2,1
375,10.8,W1S2,1
376,10.4,W1S2,1
377,11.8,W1S2,1
378,12.6,W1S2,1
379,11.6,W1S2,1
380,12.2,W1S2,1
381,11.8,W1S2,1
382,11.4,W1S2,1
383,12.1,W1S2,1
384,11.1,W1S2,1
385,10.2,W1S2,1
386,13,W1S2,1
387,12.6,W1S2,1
388,10,W1S2,1
389,11.2,W1S2,1
390,11.6,W1S2,1
391,12.4,W1S2,1
392,10.9,W1S2,1
393,12.5,W1S2,1
394,11.6,W1S2,1
395,12.2,W1S2,1
396,11.5,W1S2,1
397,11,W1S2,1
398,12.4,W1S2,1
399,11.6,W1S2,1
400,11.6,W1S2,1
401,12.5,W1S2,1
402,11.9,W1S2,1
403,11.4,W1S2,1
404,10.3,W1S2,1
405,11.7,W1S2,1
406,12.6,W1S2,1
407,11.4,W1S2,1
408,11.9,W1S2,1
409,11.9,W1S2,1
410,12.1,W1S2,1
411,11.4,W1S2,1
412,11.2,W1S2,1
413,10.2,W1S2,1
414,12.2,W1S2,1
415,11.5,W1S2,1
416,10.2,W1S2,1
417,11.9,W1S2,1
418,11.7,W1S2,1
419,11.8,W1S2,1
420,11.6,W1S2,1
421,11,W1S2,1
422,11.9,W1S2,1
423,12.8,W1S2,1
424,12.3,W1S2,1
425,11.2,W1S2,1
426,10.9,W1S2,1
427,10.6,W1S2,1
428,10.6,W1S2,1
429,12.3,W1S2,1
430,12,W1S2,1
431,12.2,W1S2,1
432,11.3,W1S2,1
433,11.2,W1S2,1
434,12.7,W1S2,1
435,11.9,W1S2,1
436,12,W1S2,1
437,12.8,W1S2,1
438,12.2,W1S2,1
439,10.7,W1S2,1
440,12.4,W1S2,1
441,10.7,W1S2,1
442,12.3,W1S2,1
443,12.3,W1S2,1
444,12.4,W1S2,1
445,12.3,W1S2,1
446,10.7,W1S2,1
447,12.2,W1S2,1
448,12.5,W1S2,1
449,12.5,W1S2,1
450,10.9,W1S2,1
451,12.1,W1S2,1
452,12.9,W1S2,1
453,10.1,W1S2,1
454,12.2,W1S2,1
455,10.4,W1S2,1
456,10.7,W1S2,1
457,13.2,W1S2,1
458,12.9,W1S2,1
459,13,W1S2,1
460,10,W1S2,1
461,11.7,W1S2,1
462,11.6,W1S2,1
463,11.6,W1S2,1
464,10.9,W1S2,1
465,11.8,W1S2,1
466,12.7,W1S2,1
467,12.9,W1S2,1
468,10.4,W1S2,1
469,11.5,W1S2,1
470,12,W1S2,1
471,11.9,W1S2,1
472,11.8,W1S2,1
473,11.7,W1S2,1
474,10.5,W1S2,1
475,10.8,W1S2,1
476,10.5,W1S2,1
477,10.8,W1S2,1
478,10.1,W1S2,1
479,10.1,W1S2,1
480,10.5,W1S2,1
481,10.6,W1S2,1
482,10.9,W1S2,1
483,11.3,W1S2,1
484,10.4,W1S2,1
485,10.8,W1S2,1
486,10.5,W1S2,1
487,10.8,W1S2,1
488,11,W1S2,1
489,10.8,W1S2,1
490,10.6,W1S2,1
491,11.5,W1S2,1
492,10.6,W1S2,1
493,10.7,W1S2,1
494,13.8,W2S1,1
495,13.4,W2S1,1
496,14.1,W2S1,1
497,13.7,W2S1,1
498,12.3,W2S1,1
499,NA,W2S1,1
500,14.2,W2S1,1
501,13.5,W2S1,1
502,14.1,W2S1,1
503,13.5,W2S1,1
504,14.1,W2S1,1
505,NA,W2S1,1
506,NA,W2S1,1
507,13.7,W2S1,1
508,12,W2S1,1
509,14,W2S1,1
510,13.2,W2S1,1
511,13.9,W2S1,1
512,14,W2S1,1
513,13.2,W2S1,1
514,13.6,W2S1,1
515,13.4,W2S1,1
516,12.3,W2S1,1
517,13.7,W2S1,1
518,14.4,W2S1,1
519,14,W2S1,1
520,12.1,W2S1,1
521,14.1,W2S1,1
522,13.6,W2S1,1
523,13.4,W2S1,1
524,13.7,W2S1,1
525,14.4,W2S1,1
526,13.3,W2S1,1
527,11.7,W2S1,1
528,12.9,W2S1,1
529,13.7,W2S1,1
530,14.1,W2S1,1
531,12.8,W2S1,1
532,12.5,W2S1,1
533,11.9,W2S1,1
534,13.2,W2S1,1
535,13.8,W2S1,1
536,13,W2S1,1
537,14.3,W2S1,1
538,13.2,W2S1,1
539,12.5,W2S1,1
540,14.1,W2S1,1
541,11.8,W2S1,1
542,14.5,W2S1,1
543,14,W2S1,1
544,13.6,W2S1,1
545,13,W2S1,1
546,13.2,W2S1,1
547,12.2,W2S1,1
548,11.7,W2S1,1
549,12.3,W2S1,1
550,11.9,W2S1,1
551,13.3,W2S1,1
552,13.8,W2S1,1
553,13.1,W2S1,1
554,13.6,W2S1,1
555,13.5,W2S1,1
556,12.8,W2S1,1
557,13.5,W2S1,1
558,12.3,W2S1,1
559,11.7,W2S1,1
560,14.6,W2S1,1
561,14.1,W2S1,1
562,11.5,W2S1,1
563,12.6,W2S1,1
564,13.3,W2S1,1
565,13.6,W2S1,1
566,12.4,W2S1,1
567,NA,W2S1,1
568,13,W2S1,1
569,13.7,W2S1,1
570,12.9,W2S1,1
571,12.4,W2S1,1
572,14,W2S1,1
573,13,W2S1,1
574,13,W2S1,1
575,13.9,W2S1,1
576,13.6,W2S1,1
577,12.8,W2S1,1
578,11.6,W2S1,1
579,13.1,W2S1,1
580,14.1,W2S1,1
581,13,W2S1,1
582,13.4,W2S1,1
583,13.4,W2S1,1
584,13.6,W2S1,1
585,12.9,W2S1,1
586,12.7,W2S1,1
587,11.5,W2S1,1
588,13.7,W2S1,1
589,NA,W2S1,1
590,11.5,W2S1,1
591,13.5,W2S1,1
592,13.1,W2S1,1
593,13.2,W2S1,1
594,13.3,W2S1,1
595,12.5,W2S1,1
596,13.2,W2S1,1
597,14.4,W2S1,1
598,13.8,W2S1,1
599,12.6,W2S1,1
600,12.3,W2S1,1
601,12,W2S1,1
602,12.1,W2S1,1
603,13.7,W2S1,1
604,13.4,W2S1,1
605,13.7,W2S1,1
606,NA,W2S1,1
607,12.7,W2S1,1
608,14.1,W2S1,1
609,13.5,W2S1,1
610,13.7,W2S1,1
611,14.2,W2S1,1
612,NA,W2S1,1
613,12.2,W2S1,1
614,13.7,W2S1,1
615,12.2,W2S1,1
616,14,W2S1,1
617,13.9,W2S1,1
618,13.8,W2S1,1
619,13.7,W2S1,1
620,NA,W2S1,1
621,13.5,W2S1,1
622,13.9,W2S1,1
623,13.8,W2S1,1
624,NA,W2S1,1
625,13.4,W2S1,1
626,14.9,W2S1,1
627,11.9,W2S1,1
628,13.6,W2S1,1
629,11.9,W2S1,1
630,12.1,W2S1,1
631,14.4,W2S1,1
632,14.5,W2S1,1
633,14.5,W2S1,1
634,11.5,W2S1,1
635,13,W2S1,1
636,13,W2S1,1
637,13,W2S1,1
638,12.3,W2S1,1
639,13.2,W2S1,1
640,14.1,W2S1,1
641,14.1,W2S1,1
642,11.9,W2S1,1
643,12.8,W2S1,1
644,13.4,W2S1,1
645,13.3,W2S1,1
646,13.3,W2S1,1
647,13.2,W2S1,1
648,11.9,W2S1,1
649,12.3,W2S1,1
650,11.9,W2S1,1
651,12.1,W2S1,1
652,11.5,W2S1,1
653,11.5,W2S1,1
654,11.9,W2S1,1
655,12.1,W2S1,1
656,NA,W2S1,1
657,12.7,W2S1,1
658,NA,W2S1,1
659,12.2,W2S1,1
660,12.2,W2S1,1
661,12.2,W2S1,1
662,12.4,W2S1,1
663,12.4,W2S1,1
664,11.9,W2S1,1
665,13,W2S1,1
666,12.1,W2S1,1
667,12.2,W2S1,1
668,13.9,W2S2,1
669,13.5,W2S2,1
670,14.2,W2S2,1
671,13.7,W2S2,1
672,12.4,W2S2,1
673,NA,W2S2,1
674,14.2,W2S2,1
675,13.5,W2S2,1
676,14.2,W2S2,1
677,13.6,W2S2,1
678,14.2,W2S2,1
679,NA,W2S2,1
680,NA,W2S2,1
681,13.8,W2S2,1
682,12,W2S2,1
683,14.1,W2S2,1
684,13.3,W2S2,1
685,14,W2S2,1
686,14.1,W2S2,1
687,13.3,W2S2,1
688,13.6,W2S2,1
689,13.6,W2S2,1
690,12.4,W2S2,1
691,13.8,W2S2,1
692,14.4,W2S2,1
693,14,W2S2,1
694,12.2,W2S2,1
695,14.1,W2S2,1
696,13.7,W2S2,1
697,13.5,W2S2,1
698,13.8,W2S2,1
699,14.5,W2S2,1
700,13.4,W2S2,1
701,11.8,W2S2,1
702,12.9,W2S2,1
703,13.8,W2S2,1
704,14.2,W2S2,1
705,12.9,W2S2,1
706,12.5,W2S2,1
707,12,W2S2,1
708,13.3,W2S2,1
709,13.8,W2S2,1
710,13.1,W2S2,1
711,14.4,W2S2,1
712,13.3,W2S2,1
713,12.6,W2S2,1
714,14.3,W2S2,1
715,11.9,W2S2,1
716,14.7,W2S2,1
717,14.1,W2S2,1
718,13.8,W2S2,1
719,13.3,W2S2,1
720,13.3,W2S2,1
721,12.3,W2S2,1
722,11.8,W2S2,1
723,12.4,W2S2,1
724,12,W2S2,1
725,13.4,W2S2,1
726,13.9,W2S2,1
727,13.2,W2S2,1
728,13.7,W2S2,1
729,13.5,W2S2,1
730,12.9,W2S2,1
731,13.6,W2S2,1
732,12.4,W2S2,1
733,11.7,W2S2,1
734,14.7,W2S2,1
735,14.1,W2S2,1
736,11.5,W2S2,1
737,12.7,W2S2,1
738,13.4,W2S2,1
739,13.8,W2S2,1
740,12.5,W2S2,1
741,NA,W2S2,1
742,13.1,W2S2,1
743,13.7,W2S2,1
744,13,W2S2,1
745,12.5,W2S2,1
746,14,W2S2,1
747,13.1,W2S2,1
748,13.1,W2S2,1
749,14,W2S2,1
750,13.6,W2S2,1
751,12.8,W2S2,1
752,11.7,W2S2,1
753,13.2,W2S2,1
754,14.2,W2S2,1
755,13.1,W2S2,1
756,13.5,W2S2,1
757,NA,W2S2,1
758,13.7,W2S2,1
759,13,W2S2,1
760,12.8,W2S2,1
761,11.5,W2S2,1
762,13.8,W2S2,1
763,NA,W2S2,1
764,11.6,W2S2,1
765,13.6,W2S2,1
766,13.2,W2S2,1
767,13.3,W2S2,1
768,13.4,W2S2,1
769,12.6,W2S2,1
770,13.3,W2S2,1
771,14.5,W2S2,1
772,13.9,W2S2,1
773,12.7,W2S2,1
774,12.4,W2S2,1
775,12.1,W2S2,1
776,NA,W2S2,1
777,13.8,W2S2,1
778,13.5,W2S2,1
779,13.8,W2S2,1
780,NA,W2S2,1
781,12.7,W2S2,1
782,14.2,W2S2,1
783,13.6,W2S2,1
784,13.8,W2S2,1
785,14.3,W2S2,1
786,NA,W2S2,1
787,12.3,W2S2,1
788,13.8,W2S2,1
789,12.3,W2S2,1
790,14.1,W2S2,1
791,14,W2S2,1
792,13.9,W2S2,1
793,13.8,W2S2,1
794,NA,W2S2,1
795,13.6,W2S2,1
796,14,W2S2,1
797,13.9,W2S2,1
798,NA,W2S2,1
799,13.5,W2S2,1
800,15,W2S2,1
801,12,W2S2,1
802,13.6,W2S2,1
803,12,W2S2,1
804,12.2,W2S2,1
805,14.4,W2S2,1
806,14.5,W2S2,1
807,14.6,W2S2,1
808,11.6,W2S2,1
809,13.1,W2S2,1
810,13.1,W2S2,1
811,13.1,W2S2,1
812,12.4,W2S2,1
813,13.3,W2S2,1
814,14.2,W2S2,1
815,14.1,W2S2,1
816,12.1,W2S2,1
817,12.9,W2S2,1
818,13.5,W2S2,1
819,13.4,W2S2,1
820,13.4,W2S2,1
821,13.3,W2S2,1
822,12,W2S2,1
823,12.3,W2S2,1
824,12,W2S2,1
825,12.2,W2S2,1
826,11.6,W2S2,1
827,11.5,W2S2,1
828,12,W2S2,1
829,12.2,W2S2,1
830,NA,W2S2,1
831,12.8,W2S2,1
832,NA,W2S2,1
833,12.3,W2S2,1
834,12.3,W2S2,1
835,12.3,W2S2,1
836,12.5,W2S2,1
837,12.4,W2S2,1
838,12,W2S2,1
839,13,W2S2,1
840,12.2,W2S2,1
841,12.3,W2S2,1
842,15.3,W3S1,1
843,14.8,W3S1,1
844,15.6,W3S1,1
845,15.2,W3S1,1
846,13.7,W3S1,1
847,NA,W3S1,1
848,15.7,W3S1,1
849,15.8,W3S1,1
850,15.6,W3S1,1
851,14.9,W3S1,1
852,15.6,W3S1,1
853,NA,W3S1,1
854,NA,W3S1,1
855,15.1,W3S1,1
856,13.7,W3S1,1
857,15.5,W3S1,1
858,14.7,W3S1,1
859,15.7,W3S1,1
860,15.6,W3S1,1
861,14.8,W3S1,1
862,15,W3S1,1
863,16.7,W3S1,1
864,14.6,W3S1,1
865,15.7,W3S1,1
866,16,W3S1,1
867,15,W3S1,1
868,14.2,W3S1,1
869,15.3,W3S1,1
870,15.2,W3S1,1
871,14.8,W3S1,1
872,15.7,W3S1,1
873,15.6,W3S1,1
874,15.2,W3S1,1
875,13.3,W3S1,1
876,14,W3S1,1
877,15.4,W3S1,1
878,15.6,W3S1,1
879,14.3,W3S1,1
880,14.2,W3S1,1
881,13.5,W3S1,1
882,14.7,W3S1,1
883,15.3,W3S1,1
884,14.5,W3S1,1
885,15.8,W3S1,1
886,14.8,W3S1,1
887,14.3,W3S1,1
888,15.7,W3S1,1
889,13.5,W3S1,1
890,16.1,W3S1,1
891,15.5,W3S1,1
892,15.2,W3S1,1
893,14.5,W3S1,1
894,14.8,W3S1,1
895,13.7,W3S1,1
896,13.2,W3S1,1
897,13.9,W3S1,1
898,13.4,W3S1,1
899,14.9,W3S1,1
900,15.4,W3S1,1
901,14.5,W3S1,1
902,15.1,W3S1,1
903,15.2,W3S1,1
904,14.3,W3S1,1
905,15.9,W3S1,1
906,14.4,W3S1,1
907,13.9,W3S1,1
908,16.1,W3S1,1
909,15.6,W3S1,1
910,13.7,W3S1,1
911,14.1,W3S1,1
912,NA,W3S1,1
913,15.2,W3S1,1
914,NA,W3S1,1
915,NA,W3S1,1
916,14.6,W3S1,1
917,15.2,W3S1,1
918,14.5,W3S1,1
919,14.5,W3S1,1
920,15.5,W3S1,1
921,14.6,W3S1,1
922,14.6,W3S1,1
923,NA,W3S1,1
924,15.1,W3S1,1
925,14.3,W3S1,1
926,13.6,W3S1,1
927,14.9,W3S1,1
928,15.7,W3S1,1
929,14.7,W3S1,1
930,15.8,W3S1,1
931,15,W3S1,1
932,16,W3S1,1
933,14.4,W3S1,1
934,14.5,W3S1,1
935,13.7,W3S1,1
936,NA,W3S1,1
937,NA,W3S1,1
938,13.8,W3S1,1
939,15.1,W3S1,1
940,14.6,W3S1,1
941,14.7,W3S1,1
942,NA,W3S1,1
943,14.5,W3S1,1
944,14.7,W3S1,1
945,16,W3S1,1
946,15.5,W3S1,1
947,14.3,W3S1,1
948,14.6,W3S1,1
949,NA,W3S1,1
950,14.2,W3S1,1
951,15.3,W3S1,1
952,14.9,W3S1,1
953,15.1,W3S1,1
954,NA,W3S1,1
955,14.1,W3S1,1
956,15.5,W3S1,1
957,15.1,W3S1,1
958,15.7,W3S1,1
959,15.9,W3S1,1
960,NA,W3S1,1
961,13.5,W3S1,1
962,15.4,W3S1,1
963,14.5,W3S1,1
964,16,W3S1,1
965,15.4,W3S1,1
966,15.3,W3S1,1
967,15.4,W3S1,1
968,NA,W3S1,1
969,NA,W3S1,1
970,15.4,W3S1,1
971,15.2,W3S1,1
972,NA,W3S1,1
973,15.6,W3S1,1
974,NA,W3S1,1
975,NA,W3S1,1
976,15.9,W3S1,1
977,13.4,W3S1,1
978,14.5,W3S1,1
979,16.6,W3S1,1
980,16,W3S1,1
981,16.6,W3S1,1
982,13.4,W3S1,1
983,15.2,W3S1,1
984,14.6,W3S1,1
985,14.5,W3S1,1
986,14.6,W3S1,1
987,15.5,W3S1,1
988,16.1,W3S1,1
989,16.2,W3S1,1
990,NA,W3S1,1
991,15.2,W3S1,1
992,15.5,W3S1,1
993,14.8,W3S1,1
994,14.8,W3S1,1
995,14.7,W3S1,1
996,14.1,W3S1,1
997,14.4,W3S1,1
998,14.2,W3S1,1
999,14.4,W3S1,1
1000,13.7,W3S1,1
1001,13.9,W3S1,1
1002,14,W3S1,1
1003,13.9,W3S1,1
1004,NA,W3S1,1
1005,14.6,W3S1,1
1006,NA,W3S1,1
1007,14.3,W3S1,1
1008,14.1,W3S1,1
1009,14.2,W3S1,1
1010,14.3,W3S1,1
1011,14.3,W3S1,1
1012,13.9,W3S1,1
1013,14.9,W3S1,1
1014,14,W3S1,1
1015,NA,W3S1,1
1016,15.4,W3S2,1
1017,14.9,W3S2,1
1018,15.7,W3S2,1
1020,13.8,W3S2,1
1021,NA,W3S2,1
1022,15.7,W3S2,1
1023,15.6,W3S2,1
1024,15.7,W3S2,1
1025,15,W3S2,1
1026,15.7,W3S2,1
1027,NA,W3S2,1
1028,NA,W3S2,1
1029,14.3,W3S2,1
1030,13.7,W3S2,1
1031,15.6,W3S2,1
1032,14.8,W3S2,1
1033,15.8,W3S2,1
1034,15.7,W3S2,1
1035,14.8,W3S2,1
1036,15.1,W3S2,1
1037,16.8,W3S2,1
1038,14.6,W3S2,1
1039,15.8,W3S2,1
1040,16.1,W3S2,1
1041,15.2,W3S2,1
1042,14.3,W3S2,1
1043,15.3,W3S2,1
1044,15.3,W3S2,1
1045,15,W3S2,1
1046,15.8,W3S2,1
1047,15.7,W3S2,1
1048,15.3,W3S2,1
1049,13.3,W3S2,1
1050,14.1,W3S2,1
1051,15.4,W3S2,1
1052,15.7,W3S2,1
1053,14.4,W3S2,1
1054,14.2,W3S2,1
1055,13.6,W3S2,1
1056,14.8,W3S2,1
1057,15.4,W3S2,1
1058,14.6,W3S2,1
1059,15.9,W3S2,1
1060,14.8,W3S2,1
1061,14.4,W3S2,1
1062,15.8,W3S2,1
1063,13.6,W3S2,1
1064,16.2,W3S2,1
1065,15.6,W3S2,1
1066,15.2,W3S2,1
1067,14.6,W3S2,1
1068,14.9,W3S2,1
1069,13.8,W3S2,1
1070,13.2,W3S2,1
1071,14,W3S2,1
1072,13.5,W3S2,1
1073,15,W3S2,1
1074,15.6,W3S2,1
1075,14.6,W3S2,1
1076,15.1,W3S2,1
1077,15.3,W3S2,1
1078,14.5,W3S2,1
1079,15.9,W3S2,1
1080,13.4,W3S2,1
1081,14,W3S2,1
1082,16.2,W3S2,1
1083,15.6,W3S2,1
1084,13.8,W3S2,1
1085,14.2,W3S2,1
1086,NA,W3S2,1
1087,14.2,W3S2,1
1088,NA,W3S2,1
1089,NA,W3S2,1
1090,14.7,W3S2,1
1091,15.3,W3S2,1
1092,14.6,W3S2,1
1093,14.6,W3S2,1
1094,15.6,W3S2,1
1095,14.6,W3S2,1
1096,14.7,W3S2,1
1097,NA,W3S2,1
1098,15.2,W3S2,1
1099,14.4,W3S2,1
1100,13.7,W3S2,1
1101,14.9,W3S2,1
1102,15.7,W3S2,1
1103,14.8,W3S2,1
1104,15.9,W3S2,1
1105,15.1,W3S2,1
1106,16.1,W3S2,1
1107,14.4,W3S2,1
1108,14.6,W3S2,1
1109,13.8,W3S2,1
1110,NA,W3S2,1
1111,NA,W3S2,1
1112,13.9,W3S2,1
1113,15.2,W3S2,1
1114,14.7,W3S2,1
1115,14.8,W3S2,1
1116,NA,W3S2,1
1117,14.6,W3S2,1
1118,14.8,W3S2,1
1119,16.1,W3S2,1
1120,15.6,W3S2,1
1121,13.4,W3S2,1
1122,14.7,W3S2,1
1123,NA,W3S2,1
1124,14.3,W3S2,1
1125,15.4,W3S2,1
1126,15,W3S2,1
1127,15.2,W3S2,1
1128,NA,W3S2,1
1129,14.2,W3S2,1
1130,15.6,W3S2,1
1131,15.3,W3S2,1
1132,NA,W3S2,1
1133,16,W3S2,1
1134,NA,W3S2,1
1135,13.5,W3S2,1
1136,15.5,W3S2,1
1137,13.5,W3S2,1
1138,16,W3S2,1
1139,15.5,W3S2,1
1140,15.4,W3S2,1
1141,15.4,W3S2,1
1142,NA,W3S2,1
1143,NA,W3S2,1
1144,15.5,W3S2,1
1145,15.4,W3S2,1
1146,NA,W3S2,1
1147,15.7,W3S2,1
1148,NA,W3S2,1
1149,NA,W3S2,1
1150,16,W3S2,1
1151,13.4,W3S2,1
1152,14.5,W3S2,1
1153,16.7,W3S2,1
1154,16,W3S2,1
1155,16.7,W3S2,1
1156,13.5,W3S2,1
1157,15.3,W3S2,1
1158,14.6,W3S2,1
1159,14.6,W3S2,1
1160,14.6,W3S2,1
1161,15.6,W3S2,1
1162,16.1,W3S2,1
1163,16.3,W3S2,1
1164,NA,W3S2,1
1165,15.3,W3S2,1
1166,15.6,W3S2,1
1167,14.9,W3S2,1
1168,14.9,W3S2,1
1169,14.7,W3S2,1
1170,14.1,W3S2,1
1171,14.5,W3S2,1
1172,14.3,W3S2,1
1173,14.4,W3S2,1
1174,13.8,W3S2,1
1175,NA,W3S2,1
1176,14.1,W3S2,1
1177,14,W3S2,1
1178,NA,W3S2,1
1179,14.7,W3S2,1
1180,NA,W3S2,1
1181,14.4,W3S2,1
1182,NA,W3S2,1
1183,14.3,W3S2,1
1184,14.4,W3S2,1
1185,14.4,W3S2,1
1186,13.9,W3S2,1
1187,15,W3S2,1
1188,14,W3S2,1
1189,NA,W3S2,1
1190,17.27671233,W4S1,1
1191,16.81425256,W4S1,1
1192,17.7260274,W4S1,1
1193,NA,W4S1,1
1194,15.74794521,W4S1,1
1195,NA,W4S1,1
1196,17.89863014,W4S1,1
1197,16.90442398,W4S1,1
1198,17.67123288,W4S1,1
1199,16.66210046,W4S1,1
1200,17.6739726,W4S1,1
1201,NA,W4S1,1
1202,NA,W4S1,1
1203,NA,W4S1,1
1204,NA,W4S1,1
1205,17.40547945,W4S1,1
1206,NA,W4S1,1
1207,NA,W4S1,1
1208,17.35342466,W4S1,1
1209,16.65861217,W4S1,1
1210,17.18356164,W4S1,1
1211,NA,W4S1,1
1212,NA,W4S1,1
1213,17.18630137,W4S1,1
1214,NA,W4S1,1
1215,NA,W4S1,1
1216,15.8630137,W4S1,1
1217,17.64109589,W4S1,1
1218,17.10958904,W4S1,1
1219,16.84182948,W4S1,1
1220,NA,W4S1,1
1221,NA,W4S1,1
1222,16.66418894,W4S1,1
1223,NA,W4S1,1
1224,16.48767123,W4S1,1
1225,17.23835616,W4S1,1
1226,17.79452055,W4S1,1
1227,16.47671233,W4S1,1
1228,NA,W4S1,1
1229,NA,W4S1,1
1230,16.72328767,W4S1,1
1231,NA,W4S1,1
1232,16.29315068,W4S1,1
1233,17.64657534,W4S1,1
1234,NA,W4S1,1
1235,16.43561644,W4S1,1
1236,NA,W4S1,1
1237,NA,W4S1,1
1238,NA,W4S1,1
1239,NA,W4S1,1
1240,16.97554458,W4S1,1
1241,16.60227562,W4S1,1
1242,NA,W4S1,1
1243,15.90136986,W4S1,1
1244,14.97260274,W4S1,1
1245,NA,W4S1,1
1246,15.65205479,W4S1,1
1247,NA,W4S1,1
1248,NA,W4S1,1
1249,NA,W4S1,1
1250,16.923894,W4S1,1
1251,NA,W4S1,1
1252,NA,W4S1,1
1253,NA,W4S1,1
1254,NA,W4S1,1
1255,NA,W4S1,1
1256,NA,W4S1,1
1257,NA,W4S1,1
1258,NA,W4S1,1
1259,NA,W4S1,1
1260,NA,W4S1,1
1261,NA,W4S1,1
1262,NA,W4S1,1
1263,NA,W4S1,1
1264,16.75586496,W4S1,1
1265,17.30410959,W4S1,1
1266,16.61367617,W4S1,1
1267,NA,W4S1,1
1268,17.60273973,W4S1,1
1269,16.70913991,W4S1,1
1270,16.71756868,W4S1,1
1271,NA,W4S1,1
1272,16.9110637,W4S1,1
1273,16.4109589,W4S1,1
1274,NA,W4S1,1
1275,NA,W4S1,1
1276,NA,W4S1,1
1277,NA,W4S1,1
1278,NA,W4S1,1
1279,NA,W4S1,1
1280,NA,W4S1,1
1281,16.43013699,W4S1,1
1282,16.13972603,W4S1,1
1283,NA,W4S1,1
1284,NA,W4S1,1
1285,NA,W4S1,1
1286,NA,W4S1,1
1287,NA,W4S1,1
1288,NA,W4S1,1
1289,NA,W4S1,1
1290,NA,W4S1,1
1291,NA,W4S1,1
1292,NA,W4S1,1
1293,NA,W4S1,1
1294,NA,W4S1,1
1295,NA,W4S1,1
1296,NA,W4S1,1
1297,NA,W4S1,1
1298,NA,W4S1,1
1299,17.28219178,W4S1,1
1300,16.05205479,W4S1,1
1301,NA,W4S1,1
1302,NA,W4S1,1
1303,16.14520548,W4S1,1
1304,17.44657534,W4S1,1
1305,16.64918781,W4S1,1
1306,NA,W4S1,1
1307,NA,W4S1,1
1308,NA,W4S1,1
1309,NA,W4S1,1
1310,17.51232877,W4S1,1
1311,NA,W4S1,1
1312,NA,W4S1,1
1313,17.46027397,W4S1,1
1314,17.37260274,W4S1,1
1315,NA,W4S1,1
1316,NA,W4S1,1
1317,NA,W4S1,1
1318,NA,W4S1,1
1319,17.25479452,W4S1,1
1320,NA,W4S1,1
1321,NA,W4S1,1
1322,NA,W4S1,1
1323,NA,W4S1,1
1324,NA,W4S1,1
1325,NA,W4S1,1
1326,NA,W4S1,1
1327,NA,W4S1,1
1328,NA,W4S1,1
1329,NA,W4S1,1
1330,NA,W4S1,1
1331,NA,W4S1,1
1332,NA,W4S1,1
1333,NA,W4S1,1
1334,NA,W4S1,1
1335,NA,W4S1,1
1336,NA,W4S1,1
1337,NA,W4S1,1
1338,NA,W4S1,1
1339,NA,W4S1,1
1340,NA,W4S1,1
1341,16.03561644,W4S1,1
1342,NA,W4S1,1
1343,16.19726027,W4S1,1
1344,NA,W4S1,1
1345,NA,W4S1,1
1346,NA,W4S1,1
1347,NA,W4S1,1
1348,NA,W4S1,1
1349,NA,W4S1,1
1350,NA,W4S1,1
1351,NA,W4S1,1
1352,NA,W4S1,1
1353,NA,W4S1,1
1354,NA,W4S1,1
1355,NA,W4S1,1
1356,NA,W4S1,1
1357,NA,W4S1,1
1358,NA,W4S1,1
1359,NA,W4S1,1
1360,NA,W4S1,1
1361,NA,W4S1,1
1362,NA,W4S1,1
1363,NA,W4S1,1
1364,17.36164384,W4S2,1
1365,16.87726626,W4S2,1
1366,NA,W4S2,1
1367,NA,W4S2,1
1368,15.82465753,W4S2,1
1369,NA,W4S2,1
1370,NA,W4S2,1
1371,16.98387604,W4S2,1
1372,NA,W4S2,1
1373,16.7716895,W4S2,1
1374,17.75068493,W4S2,1
1375,NA,W4S2,1
1376,NA,W4S2,1
1377,NA,W4S2,1
1378,NA,W4S2,1
1379,17.47945205,W4S2,1
1380,NA,W4S2,1
1381,NA,W4S2,1
1382,17.42191781,W4S2,1
1383,16.7353245,W4S2,1
1384,17.24383562,W4S2,1
1385,NA,W4S2,1
1386,NA,W4S2,1
1387,17.2739726,W4S2,1
1388,NA,W4S2,1
1389,NA,W4S2,1
1390,15.93424658,W4S2,1
1391,17.72876712,W4S2,1
1392,17.18082192,W4S2,1
1393,16.91854181,W4S2,1
1394,NA,W4S2,1
1395,NA,W4S2,1
1396,16.74090127,W4S2,1
1397,NA,W4S2,1
1398,NA,W4S2,1
1399,17.30684932,W4S2,1
1400,17.87945205,W4S2,1
1401,16.54520548,W4S2,1
1402,NA,W4S2,1
1403,NA,W4S2,1
1404,NA,W4S2,1
1405,NA,W4S2,1
1406,16.37260274,W4S2,1
1407,17.70958904,W4S2,1
1408,NA,W4S2,1
1409,16.51780822,W4S2,1
1410,NA,W4S2,1
1411,NA,W4S2,1
1412,NA,W4S2,1
1413,NA,W4S2,1
1414,17.08219178,W4S2,1
1415,16.61871398,W4S2,1
1416,NA,W4S2,1
1417,16.00273973,W4S2,1
1418,15.04931507,W4S2,1
1419,NA,W4S2,1
1420,15.75890411,W4S2,1
1421,NA,W4S2,1
1422,NA,W4S2,1
1423,NA,W4S2,1
1424,16.99786661,W4S2,1
1425,NA,W4S2,1
1426,NA,W4S2,1
1427,NA,W4S2,1
1428,NA,W4S2,1
1429,NA,W4S2,1
1430,NA,W4S2,1
1431,NA,W4S2,1
1432,NA,W4S2,1
1433,NA,W4S2,1
1434,NA,W4S2,1
1435,NA,W4S2,1
1436,NA,W4S2,1
1437,NA,W4S2,1
1438,16.83257729,W4S2,1
1439,17.38356164,W4S2,1
1440,16.6903885,W4S2,1
1441,NA,W4S2,1
1442,NA,W4S2,1
1443,NA,W4S2,1
1444,16.78606183,W4S2,1
1445,NA,W4S2,1
1446,16.98777603,W4S2,1
1447,16.48767123,W4S2,1
1448,NA,W4S2,1
1449,NA,W4S2,1
1450,NA,W4S2,1
1451,NA,W4S2,1
1452,NA,W4S2,1
1453,NA,W4S2,1
1454,NA,W4S2,1
1455,16.50684932,W4S2,1
1456,16.29589041,W4S2,1
1457,NA,W4S2,1
1458,NA,W4S2,1
1459,NA,W4S2,1
1460,NA,W4S2,1
1461,NA,W4S2,1
1462,NA,W4S2,1
1463,NA,W4S2,1
1464,NA,W4S2,1
1465,NA,W4S2,1
1466,NA,W4S2,1
1467,NA,W4S2,1
1468,NA,W4S2,1
1469,NA,W4S2,1
1470,NA,W4S2,1
1471,NA,W4S2,1
1472,NA,W4S2,1
1473,NA,W4S2,1
1474,16.13972603,W4S2,1
1475,NA,W4S2,1
1476,NA,W4S2,1
1477,NA,W4S2,1
1478,17.53424658,W4S2,1
1479,16.76425631,W4S2,1
1480,NA,W4S2,1
1481,NA,W4S2,1
1482,NA,W4S2,1
1483,NA,W4S2,1
1484,17.61643836,W4S2,1
1485,NA,W4S2,1
1486,NA,W4S2,1
1487,17.5369863,W4S2,1
1488,17.47671233,W4S2,1
1489,NA,W4S2,1
1490,NA,W4S2,1
1491,NA,W4S2,1
1492,NA,W4S2,1
1493,NA,W4S2,1
1494,NA,W4S2,1
1495,NA,W4S2,1
1496,NA,W4S2,1
1497,NA,W4S2,1
1498,NA,W4S2,1
1499,NA,W4S2,1
1500,NA,W4S2,1
1501,NA,W4S2,1
1502,NA,W4S2,1
1503,NA,W4S2,1
1504,NA,W4S2,1
1505,NA,W4S2,1
1506,NA,W4S2,1
1507,NA,W4S2,1
1508,NA,W4S2,1
1509,NA,W4S2,1
1510,NA,W4S2,1
1511,NA,W4S2,1
1512,NA,W4S2,1
1513,NA,W4S2,1
1514,NA,W4S2,1
1515,16.11780822,W4S2,1
1516,NA,W4S2,1
1517,16.29041096,W4S2,1
1518,NA,W4S2,1
1519,NA,W4S2,1
1520,NA,W4S2,1
1521,NA,W4S2,1
1522,NA,W4S2,1
1523,NA,W4S2,1
1524,NA,W4S2,1
1525,NA,W4S2,1
1526,NA,W4S2,1
1527,NA,W4S2,1
1528,NA,W4S2,1
1529,NA,W4S2,1
1530,NA,W4S2,1
1531,NA,W4S2,1
1532,NA,W4S2,1
1533,NA,W4S2,1
1534,NA,W4S2,1
1535,NA,W4S2,1
1536,NA,W4S2,1
1537,NA,W4S2,1